{"cameraMode":{"drawMode":0,"name":"Shaded","section":"Shading Mode"},"sceneLighting":true,"audioPlay":false,"sceneViewState":{"m_AlwaysRefresh":false,"showFog":true,"showSkybox":true,"showFlares":true,"showImageEffects":true,"showParticleSystems":true,"showVisualEffectGraphs":true,"m_FxEnabled":true},"in2DMode":false,"pivot":{"x":2.234823226928711,"y":-4.698824882507324,"z":20.108606338500978},"rotation":{"x":-0.15402399003505708,"y":0.04622244834899902,"z":-0.007209465838968754,"w":-0.9869623780250549},"size":20.211978912353517,"orthographic":false}